{
  "time_s": [
    0,
    10,
    20,
    30,
    40,
    50,
    60,
    70,
    80,
    90,
    100,
    110,
    120,
    130,
    140,
    150,
    160,
    170,
    180,
    190
  ],
  "est_delay_ms": [
    41.0,
    41.0,
    54.0,
    41.0,
    41.0,
    41.0,
    41.0,
    41.0,
    41.0,
    41.0,
    41.0,
    41.0,
    41.0,
    41.0,
    41.0,
    41.0,
    41.0,
    66.0,
    66.0,
    66.0
  ],
  "real_rtt_ms": [
    89.56433333333332,
    74.72866666666667,
    110.41533333333332,
    88.04199999999999,
    83.21133333333334,
    79.813,
    80.61166666666666,
    74.093,
    78.88966666666666,
    75.47133333333333,
    81.781,
    79.33266666666667,
    82.14766666666667,
    74.06033333333333,
    84.41833333333334,
    85.846,
    78.152,
    90.54233333333333,
    85.82833333333333,
    84.62266666666666
  ],
  "loss_pct": [
    0.0,
    0.0,
    0.0,
    0.0,
    0.0,
    0.0,
    0.0,
    0.0,
    0.0,
    0.0,
    0.0,
    0.0,
    0.0,
    0.0,
    0.0,
    0.0,
    0.0,
    0.0,
    0.0,
    0.0
  ],
  "isl_hops": [
    3,
    3,
    3,
    3,
    3,
    3,
    3,
    3,
    3,
    3,
    3,
    3,
    3,
    3,
    3,
    3,
    3,
    4,
    4,
    4
  ],
  "n_updates": [
    6,
    6,
    6,
    6,
    6,
    6,
    6,
    6,
    6,
    6,
    6,
    6,
    6,
    6,
    6,
    6,
    6,
    6,
    6,
    6
  ],
  "satellite_id": [
    42,
    42,
    237,
    42,
    42,
    42,
    42,
    42,
    42,
    42,
    42,
    42,
    42,
    42,
    42,
    42,
    42,
    68,
    68,
    68
  ],
  "gsl_delay_ms": [
    7.0,
    7.0,
    9.0,
    7.0,
    7.0,
    7.0,
    7.0,
    7.0,
    7.0,
    7.0,
    7.0,
    7.0,
    7.0,
    7.0,
    7.0,
    7.0,
    7.0,
    9.0,
    9.0,
    9.0
  ],
  "isl_delay_ms": [
    9.0,
    9.0,
    12.0,
    9.0,
    9.0,
    9.0,
    9.0,
    9.0,
    9.0,
    9.0,
    9.0,
    9.0,
    9.0,
    9.0,
    9.0,
    9.0,
    9.0,
    12.0,
    12.0,
    12.0
  ],
  "handover": [
    0,
    0,
    1,
    1,
    0,
    0,
    0,
    0,
    0,
    0,
    0,
    0,
    0,
    0,
    0,
    0,
    0,
    1,
    0,
    0
  ]
}