{
  "time_s": [
    0,
    10,
    20,
    30,
    40,
    50,
    60,
    70,
    80,
    90,
    100,
    110,
    120,
    130,
    140,
    150,
    160,
    170,
    180,
    190
  ],
  "est_delay_ms": [
    41.0,
    41.0,
    54.0,
    41.0,
    41.0,
    41.0,
    41.0,
    41.0,
    41.0,
    41.0,
    41.0,
    41.0,
    41.0,
    41.0,
    41.0,
    41.0,
    41.0,
    66.0,
    66.0,
    66.0
  ],
  "real_rtt_ms": [
    87.193,
    91.60666666666667,
    81.86766666666666,
    85.53666666666668,
    89.70466666666668,
    78.499,
    88.65633333333334,
    72.09966666666666,
    88.97233333333334,
    82.277,
    82.35333333333334,
    76.04033333333332,
    77.69833333333334,
    86.11233333333332,
    85.384,
    80.952,
    98.67166666666667,
    108.117,
    98.491,
    89.52499999999999
  ],
  "loss_pct": [
    0.0,
    0.0,
    0.0,
    0.0,
    0.0,
    0.0,
    0.0,
    0.0,
    0.0,
    0.0,
    0.0,
    0.0,
    0.0,
    0.0,
    0.0,
    0.0,
    0.0,
    0.0,
    0.0,
    0.0
  ],
  "isl_hops": [
    3,
    3,
    3,
    3,
    3,
    3,
    3,
    3,
    3,
    3,
    3,
    3,
    3,
    3,
    3,
    3,
    4,
    4,
    4,
    3
  ],
  "n_updates": [
    6,
    6,
    6,
    6,
    6,
    6,
    6,
    6,
    6,
    6,
    6,
    6,
    6,
    6,
    6,
    6,
    6,
    6,
    6,
    6
  ],
  "satellite_id": [
    42,
    237,
    42,
    42,
    42,
    42,
    42,
    42,
    42,
    42,
    42,
    42,
    42,
    42,
    42,
    42,
    68,
    68,
    68,
    55
  ],
  "gsl_delay_ms": [
    7.0,
    9.0,
    7.0,
    7.0,
    7.0,
    7.0,
    7.0,
    7.0,
    7.0,
    7.0,
    7.0,
    7.0,
    7.0,
    7.0,
    7.0,
    7.0,
    9.0,
    9.0,
    9.0,
    7.0
  ],
  "isl_delay_ms": [
    9.0,
    12.0,
    9.0,
    9.0,
    9.0,
    9.0,
    9.0,
    9.0,
    9.0,
    9.0,
    9.0,
    9.0,
    9.0,
    9.0,
    9.0,
    9.0,
    12.0,
    12.0,
    12.0,
    9.0
  ],
  "handover": [
    0,
    1,
    1,
    0,
    0,
    0,
    0,
    0,
    0,
    0,
    0,
    0,
    0,
    0,
    0,
    0,
    1,
    0,
    0,
    1
  ]
}