{
  "time_s": [
    0,
    10,
    20,
    30,
    40,
    50,
    60,
    70,
    80,
    90,
    100,
    110,
    120,
    130,
    140,
    150,
    160,
    170,
    180,
    190
  ],
  "est_delay_ms": [
    41.0,
    41.0,
    54.0,
    41.0,
    41.0,
    41.0,
    41.0,
    41.0,
    41.0,
    41.0,
    41.0,
    41.0,
    41.0,
    41.0,
    41.0,
    41.0,
    41.0,
    66.0,
    66.0,
    66.0
  ],
  "real_rtt_ms": [
    87.355,
    108.07433333333334,
    103.675,
    92.92166666666667,
    91.34866666666666,
    97.35700000000001,
    86.95533333333333,
    106.693,
    93.95833333333333,
    78.63799999999999,
    87.05566666666668,
    81.52866666666667,
    97.14766666666667,
    111.77266666666667,
    100.63900000000001,
    94.50433333333335,
    97.79433333333333,
    128.35066666666668,
    105.77566666666667,
    106.04433333333333
  ],
  "loss_pct": [
    0.0,
    0.0,
    0.0,
    0.0,
    0.0,
    0.0,
    0.0,
    0.0,
    0.0,
    0.0,
    0.0,
    0.0,
    0.0,
    0.0,
    0.0,
    0.0,
    0.0,
    0.0,
    0.0,
    0.0
  ],
  "isl_hops": [
    3,
    3,
    3,
    3,
    3,
    3,
    3,
    3,
    3,
    3,
    3,
    3,
    3,
    3,
    3,
    3,
    4,
    4,
    4,
    3
  ],
  "n_updates": [
    6,
    6,
    6,
    6,
    6,
    6,
    6,
    6,
    6,
    6,
    6,
    6,
    6,
    6,
    6,
    6,
    6,
    6,
    6,
    6
  ],
  "satellite_id": [
    42,
    237,
    42,
    42,
    42,
    42,
    42,
    42,
    42,
    42,
    42,
    42,
    42,
    42,
    42,
    42,
    68,
    68,
    68,
    55
  ],
  "gsl_delay_ms": [
    7.0,
    9.0,
    7.0,
    7.0,
    7.0,
    7.0,
    7.0,
    7.0,
    7.0,
    7.0,
    7.0,
    7.0,
    7.0,
    7.0,
    7.0,
    7.0,
    9.0,
    9.0,
    9.0,
    7.0
  ],
  "isl_delay_ms": [
    9.0,
    12.0,
    9.0,
    9.0,
    9.0,
    9.0,
    9.0,
    9.0,
    9.0,
    9.0,
    9.0,
    9.0,
    9.0,
    9.0,
    9.0,
    9.0,
    12.0,
    12.0,
    12.0,
    9.0
  ],
  "handover": [
    0,
    1,
    1,
    0,
    0,
    0,
    0,
    0,
    0,
    0,
    0,
    0,
    0,
    0,
    0,
    0,
    1,
    0,
    0,
    1
  ]
}