{
  "time_s": [
    0,
    10,
    20,
    30,
    40,
    50,
    60,
    70,
    80,
    90,
    100,
    110,
    120,
    130,
    140,
    150,
    160,
    170,
    180,
    190
  ],
  "est_delay_ms": [
    41.0,
    41.0,
    54.0,
    41.0,
    41.0,
    41.0,
    41.0,
    41.0,
    41.0,
    41.0,
    41.0,
    41.0,
    41.0,
    41.0,
    41.0,
    41.0,
    41.0,
    66.0,
    66.0,
    66.0
  ],
  "real_rtt_ms": [
    75.56766666666665,
    80.90833333333335,
    113.32833333333333,
    86.3,
    78.76833333333333,
    85.91300000000001,
    76.44766666666666,
    74.46633333333334,
    71.929,
    61.217666666666666,
    63.46133333333333,
    69.77133333333333,
    78.85633333333334,
    76.482,
    69.235,
    71.71300000000001,
    70.566,
    90.23466666666667,
    87.18,
    92.22933333333333
  ],
  "loss_pct": [
    0.0,
    0.0,
    0.0,
    0.0,
    0.0,
    0.0,
    0.0,
    0.0,
    0.0,
    0.0,
    0.0,
    0.0,
    0.0,
    0.0,
    0.0,
    0.0,
    0.0,
    0.0,
    0.0,
    0.0
  ],
  "isl_hops": [
    3,
    3,
    3,
    3,
    3,
    3,
    3,
    3,
    3,
    3,
    3,
    3,
    3,
    3,
    3,
    3,
    3,
    4,
    4,
    4
  ],
  "n_updates": [
    6,
    6,
    6,
    6,
    6,
    6,
    6,
    6,
    6,
    6,
    6,
    6,
    6,
    6,
    6,
    6,
    6,
    6,
    6,
    6
  ],
  "satellite_id": [
    42,
    42,
    237,
    42,
    42,
    42,
    42,
    42,
    42,
    42,
    42,
    42,
    42,
    42,
    42,
    42,
    42,
    68,
    68,
    68
  ],
  "gsl_delay_ms": [
    7.0,
    7.0,
    9.0,
    7.0,
    7.0,
    7.0,
    7.0,
    7.0,
    7.0,
    7.0,
    7.0,
    7.0,
    7.0,
    7.0,
    7.0,
    7.0,
    7.0,
    9.0,
    9.0,
    9.0
  ],
  "isl_delay_ms": [
    9.0,
    9.0,
    12.0,
    9.0,
    9.0,
    9.0,
    9.0,
    9.0,
    9.0,
    9.0,
    9.0,
    9.0,
    9.0,
    9.0,
    9.0,
    9.0,
    9.0,
    12.0,
    12.0,
    12.0
  ],
  "handover": [
    0,
    0,
    1,
    1,
    0,
    0,
    0,
    0,
    0,
    0,
    0,
    0,
    0,
    0,
    0,
    0,
    0,
    1,
    0,
    0
  ]
}