{
  "time_s": [
    0,
    10,
    20,
    30,
    40,
    50,
    60,
    70,
    80,
    90,
    100,
    110,
    120,
    130,
    140,
    150,
    160,
    170,
    180,
    190
  ],
  "est_delay_ms": [
    41.0,
    41.0,
    54.0,
    41.0,
    41.0,
    41.0,
    41.0,
    41.0,
    41.0,
    41.0,
    41.0,
    41.0,
    41.0,
    41.0,
    41.0,
    41.0,
    41.0,
    66.0,
    66.0,
    66.0
  ],
  "real_rtt_ms": [
    82.88866666666667,
    101.57866666666666,
    92.448,
    68.108,
    67.76266666666668,
    78.29433333333334,
    65.56166666666667,
    82.85833333333333,
    93.43933333333332,
    86.06566666666667,
    81.98533333333334,
    105.90666666666668,
    97.43299999999999,
    85.02633333333334,
    96.03666666666668,
    102.36933333333333,
    91.77499999999999,
    115.717,
    124.75099999999999,
    114.32866666666666
  ],
  "loss_pct": [
    0.0,
    0.0,
    0.0,
    0.0,
    0.0,
    0.0,
    0.0,
    0.0,
    0.0,
    0.0,
    0.0,
    0.0,
    0.0,
    0.0,
    0.0,
    0.0,
    0.0,
    0.0,
    0.0,
    0.0
  ],
  "isl_hops": [
    3,
    3,
    3,
    3,
    3,
    3,
    3,
    3,
    3,
    3,
    3,
    3,
    3,
    3,
    3,
    3,
    3,
    4,
    4,
    4
  ],
  "n_updates": [
    6,
    6,
    6,
    6,
    6,
    6,
    6,
    6,
    6,
    6,
    6,
    6,
    6,
    6,
    6,
    6,
    6,
    6,
    6,
    6
  ],
  "satellite_id": [
    42,
    42,
    237,
    42,
    42,
    42,
    42,
    42,
    42,
    42,
    42,
    42,
    42,
    42,
    42,
    42,
    42,
    68,
    68,
    68
  ],
  "gsl_delay_ms": [
    7.0,
    7.0,
    9.0,
    7.0,
    7.0,
    7.0,
    7.0,
    7.0,
    7.0,
    7.0,
    7.0,
    7.0,
    7.0,
    7.0,
    7.0,
    7.0,
    7.0,
    9.0,
    9.0,
    9.0
  ],
  "isl_delay_ms": [
    9.0,
    9.0,
    12.0,
    9.0,
    9.0,
    9.0,
    9.0,
    9.0,
    9.0,
    9.0,
    9.0,
    9.0,
    9.0,
    9.0,
    9.0,
    9.0,
    9.0,
    12.0,
    12.0,
    12.0
  ],
  "handover": [
    0,
    0,
    1,
    1,
    0,
    0,
    0,
    0,
    0,
    0,
    0,
    0,
    0,
    0,
    0,
    0,
    0,
    1,
    0,
    0
  ]
}